{
    "prepare_queue": {
        "installed": [],
        "uninstalled": []
    },
    "config_munge": {
        "files": {
            "config.xml": {
                "parents": {
                    "/*": [
                        {
                            "xml": "<feature name=\"Camera\"><param name=\"ios-package\" value=\"CDVCamera\" /></feature>",
                            "count": 1
                        },
                        {
                            "xml": "<preference name=\"CameraUsesGeolocation\" value=\"false\" />",
                            "count": 1
                        },
                        {
                            "xml": "<feature name=\"Device\"><param name=\"ios-package\" value=\"CDVDevice\" /></feature>",
                            "count": 1
                        },
                        {
                            "xml": "<feature name=\"HockeyApp\"><param name=\"ios-package\" value=\"HockeyApp\" /></feature>",
                            "count": 1
                        },
                        {
                            "xml": "<feature name=\"SplashScreen\"><param name=\"ios-package\" value=\"CDVSplashScreen\" /><param name=\"onload\" value=\"true\" /></feature>",
                            "count": 1
                        },
                        {
                            "xml": "<feature name=\"AddressBookSync\"><param name=\"ios-package\" onload=\"true\" value=\"AddressBookSync\" /></feature>",
                            "count": 1
                        }
                    ]
                }
            },
            "*-Info.plist": {
                "parents": {
                    "NSCameraUsageDescription": [
                        {
                            "xml": "<string> </string>",
                            "count": 1
                        }
                    ],
                    "NSPhotoLibraryUsageDescription": [
                        {
                            "xml": "<string> </string>",
                            "count": 1
                        },
                        {
                            "xml": "<string>This app needs access to your Photo Library to include a screenshot with user feedback.</string>",
                            "count": 1
                        }
                    ],
                    "NSLocationWhenInUseUsageDescription": [
                        {
                            "xml": "<string />",
                            "count": 1
                        }
                    ]
                }
            }
        }
    },
    "installed_plugins": {
        "cordova-plugin-android-permissions": {
            "PACKAGE_NAME": "com.procit.procitcontacts"
        },
        "cordova-plugin-browsersync": {
            "PACKAGE_NAME": "com.procit.procitcontacts"
        },
        "cordova-plugin-compat": {
            "PACKAGE_NAME": "com.procit.procitcontacts"
        },
        "cordova-plugin-camera": {
            "CAMERA_USAGE_DESCRIPTION": " ",
            "PHOTOLIBRARY_USAGE_DESCRIPTION": " ",
            "PACKAGE_NAME": "com.procit.procitcontacts"
        },
        "cordova-plugin-device": {
            "PACKAGE_NAME": "com.procit.procitcontacts"
        },
        "cordova-plugin-hockeyapp": {
            "PACKAGE_NAME": "com.procit.procitcontacts"
        },
        "cordova-plugin-splashscreen": {
            "PACKAGE_NAME": "com.procit.procitcontacts"
        },
        "cordova-plugin-whitelist": {
            "PACKAGE_NAME": "com.procit.procitcontacts"
        },
        "cordova-plugin-addressbooksync": {
            "PACKAGE_NAME": "com.procit.procitcontacts"
        }
    },
    "dependent_plugins": {},
    "modules": [
        {
            "file": "plugins/cordova-plugin-android-permissions/www/permissions-dummy.js",
            "id": "cordova-plugin-android-permissions.Permissions",
            "pluginId": "cordova-plugin-android-permissions",
            "clobbers": [
                "cordova.plugins.permissions"
            ]
        },
        {
            "file": "plugins/cordova-plugin-camera/www/CameraConstants.js",
            "id": "cordova-plugin-camera.Camera",
            "pluginId": "cordova-plugin-camera",
            "clobbers": [
                "Camera"
            ]
        },
        {
            "file": "plugins/cordova-plugin-camera/www/CameraPopoverOptions.js",
            "id": "cordova-plugin-camera.CameraPopoverOptions",
            "pluginId": "cordova-plugin-camera",
            "clobbers": [
                "CameraPopoverOptions"
            ]
        },
        {
            "file": "plugins/cordova-plugin-camera/www/Camera.js",
            "id": "cordova-plugin-camera.camera",
            "pluginId": "cordova-plugin-camera",
            "clobbers": [
                "navigator.camera"
            ]
        },
        {
            "file": "plugins/cordova-plugin-camera/www/ios/CameraPopoverHandle.js",
            "id": "cordova-plugin-camera.CameraPopoverHandle",
            "pluginId": "cordova-plugin-camera",
            "clobbers": [
                "CameraPopoverHandle"
            ]
        },
        {
            "file": "plugins/cordova-plugin-device/www/device.js",
            "id": "cordova-plugin-device.device",
            "pluginId": "cordova-plugin-device",
            "clobbers": [
                "device"
            ]
        },
        {
            "file": "plugins/cordova-plugin-hockeyapp/www/hockeyapp.js",
            "id": "cordova-plugin-hockeyapp.HockeyApp",
            "pluginId": "cordova-plugin-hockeyapp",
            "clobbers": [
                "hockeyapp",
                "hockeyApp"
            ]
        },
        {
            "file": "plugins/cordova-plugin-splashscreen/www/splashscreen.js",
            "id": "cordova-plugin-splashscreen.SplashScreen",
            "pluginId": "cordova-plugin-splashscreen",
            "clobbers": [
                "navigator.splashscreen"
            ]
        },
        {
            "file": "plugins/cordova-plugin-addressbooksync/www/addressbooksync.js",
            "id": "cordova-plugin-addressbooksync.module-AddressBookSync",
            "pluginId": "cordova-plugin-addressbooksync",
            "clobbers": [
                "addressBookSync"
            ]
        }
    ],
    "plugin_metadata": {
        "cordova-plugin-android-permissions": "1.0.0",
        "cordova-plugin-browsersync": "0.1.1",
        "cordova-plugin-compat": "1.1.0",
        "cordova-plugin-camera": "2.4.1",
        "cordova-plugin-device": "1.1.6",
        "cordova-plugin-hockeyapp": "2.2.4",
        "cordova-plugin-splashscreen": "4.0.3",
        "cordova-plugin-whitelist": "1.3.2",
        "cordova-plugin-addressbooksync": "2.0.0"
    }
}