{
    "contacts": [
        {
            "id":"1",
            "firstName": "Navin",
            "middleName": "Siddhi",
            "lastName": "Bajracharya",
            "address": "kathmandu",
            "country": "Nepal",
            "projectGroup": "Management",
            "officialEmail": "navin.siddhi@procit.com",
            "personalEmail": "navin.siddhi@gmail.com",
            "mobilePhoneA": "9841222222",
            "mobilePhoneB": "",
            "homePhoneA": "",
            "homePhoneB": "",
            "emergencyPhoneA": "9841222223",
            "emergencyPhoneB": "9841222224",
            "bloodGroup": "B+ve",
            "birthDay": "1980",
            "image": "some base64 image",
            "dateCreated": "",
            "dateModified": null,
            "dateDeleted": null
        },
		    {
            "id":"2",
            "firstName": "Sabir",
            "middleName": "",
            "lastName": "Manandhar",
            "address": "Kathmandu",
            "country": "Nepal",
            "projectGroup": "Management",
            "officialEmail": "sabir.manandhar@pocit.com",
            "personalEmail": "sabir.manandhar@gmail.com",
            "mobilePhoneA": "9841222226",
            "mobilePhoneB": "",
            "homePhoneA": "",
            "homePhoneB": "",
            "emergencyPhoneA": "9841222227",
            "emergencyPhoneB": "9841222228",
            "bloodGroup": "A+ve",
            "birthDay": "1985",
            "image": "some base64 image",
            "dateCreated": "",
            "dateModified": null,
            "dateDeleted": null
        },
		    {
            "id":"3",
            "firstName": "Manij",
            "middleName": "",
            "lastName": "Rai",
            "address": "Kathmandu",
            "country": "Netherlands",
            "projectGroup": "Management",
            "officialEmail": "Manij.Rai@pocit.com",
            "personalEmail": "Manij.Rai@gmail.com",
            "mobilePhoneA": "9841222228",
            "mobilePhoneB": "",
            "homePhoneA": "",
            "homePhoneB": "",
            "emergencyPhoneA": "9841222229",
            "emergencyPhoneB": "9841222220",
            "bloodGroup": "O+ve",
            "birthDay": "1990",
            "image": "some base64 image",
            "dateCreated": "",
            "dateModified": null,
            "dateDeleted": null
        }

    ]
}
